,# comments,mean P(up),mean P(pos),mean P(neg),mean pos score,mean neg score
no_symbol,711,0.41467795594497714,0.6549230430739098,0.5743550207829479,0.2227057436176683,0.20200816183257592
eth,34,0.4341860331293154,0.6441138153557698,0.536977431953028,0.22622548616693922,0.19030600003183093
btc,33,0.4774079381896664,0.6713011448846433,0.4994950676682448,0.21117684068488624,0.15346986607796392
xrp,13,0.5180485336586585,0.5147072383217787,0.6528581767959987,0.22238981565254393,0.21497413277082392
defi,6,0.42829066318578174,0.9427679243520571,0.42514917814446135,0.2489245793650794,0.20904208333333332
ada,5,0.1939211546227127,0.6279647499539361,0.43099161543549425,0.24094265216565347,0.0884065681818182
neo,4,0.4483734500407083,0.8774582519175609,0.35231061950372905,0.20780521666666668,0.1011740625
vet,4,0.3301839341532819,0.7313084444511608,0.5514163474272578,0.25153482886904766,0.13963377840909091
xlm,4,0.2674752588421042,0.5167101281322156,0.7171127212582162,0.22252534531826196,0.23977494498556995
link,3,0.5938720608076392,0.6516164705638003,0.5471264987011233,0.20116663095238096,0.22613833333333333
usdt,3,0.3542508164934474,0.9014824544623549,0.45645916830540895,0.18412943277310925,0.25424625
altcoin,2,0.8100509254613291,0.4695902047213762,0.5715992935293982,0.1795298716329966,0.1341264285714286
lend,1,0.7441760133671524,0.9733287759492396,0.2370572148803641,0.18763440476190474,0.07552333333333333
ltc,1,0.0047006634886794865,0.9865500538521724,0.3964307242275239,0.332575,0.115385
total,824,0.4187187769237274,0.6568579852369306,0.5674402929860026,0.22251970051888517,0.19839357742184613
