,# comments,mean P(up),mean P(pos),mean P(neg),mean pos score,mean neg score
no_symbol,299,0.4155976247442224,0.6539758548819347,0.5636470431261437,0.21864036275139984,0.1990062078060364
btc,16,0.24996672196515957,0.5854126019194905,0.5975148581352839,0.1970450205806099,0.1968204680059524
xrp,11,0.331194881446236,0.8048699492543343,0.4802465213558063,0.20844432283572356,0.1110995521978022
ada,8,0.5089381447311507,0.9364353489009809,0.35562547877320555,0.2493472457631727,0.12877297916666666
eth,4,0.09280544638534413,0.6447125654642669,0.6138886593292286,0.24148310576923074,0.17732434523809526
link,3,0.34468105355082507,0.968903008176175,0.2876588492573768,0.22295573957360723,0.12429833333333333
xtz,2,0.4041721165902216,0.5056609588193157,0.6103681777485445,0.24414373931623934,0.14085852380952385
miota,1,0.0016532856805355936,0.031500764112172897,0.9989164290780412,0.2263252564102564,0.271107380952381
xmr,1,0.0656010551074814,0.5783514017619339,0.7302083384500171,0.20479750000000005,0.17687999999999998
total,345,0.4007497673156092,0.6619048343284467,0.5579327869510007,0.2184581570611511,0.19338017199748717
