,# comments,mean P(up),mean P(pos),mean P(neg),mean pos score,mean neg score
no_symbol,719,0.36946659501485773,0.585206152594226,0.5628120620586793,0.20833413379234816,0.1710970273740773
btc,45,0.3419577398423926,0.5882763154396208,0.5618213165645509,0.20160963306147223,0.17124162054673717
eth,45,0.38926823937204624,0.6554018129350557,0.5482526439986196,0.2069788317538895,0.1787179529541446
link,10,0.45669091198477013,0.5969359891724324,0.6622909425055371,0.2490479606180856,0.16691729821428575
vet,8,0.6269527501220808,0.9272184483649116,0.3336358442087239,0.24460138170676257,0.1320790672348485
xrp,8,0.3484354880501703,0.6141014713525573,0.6312098088861577,0.23925866194800569,0.2554610119047619
defi,4,0.3893408880676863,0.8409970384768504,0.5129176085421703,0.25829308283730157,0.17445651041666665
ltc,4,0.5029206537232364,0.9741557188456177,0.7909861451180357,0.23843661853644327,0.31631708994708996
usdt,3,0.3012568881507391,0.6319280489488371,0.4469689675865817,0.1624511138888889,0.1776905925925926
altcoin,2,0.5643076998109711,0.5196635740739712,0.48219766878545933,0.23474029761904766,0.09870625000000001
lend,2,0.559113531602195,0.989740146866688,0.25025356424113465,0.25581091666666667,0.06028
xlm,2,0.3473893783645053,0.40626611848114436,0.6080298848004131,0.211759625,0.20272458333333335
atom,1,0.1003538088371297,0.7025960451819151,0.3588493329600489,0.10075214285714283,0.04108
bnb,1,0.7601346499524955,0.9776969701106611,0.7755308783058796,0.2284857142857143,0.2774073333333333
usdc,1,0.21293791341557006,0.8452308668043975,0.4006529848099433,0.13446854166666666,0.19419
xmr,1,0.994251260781601,0.9183588777090012,0.9848039198544029,0.206130643939394,0.2524109523809524
total,856,0.37430348316555634,0.5975003228462138,0.5615820055658088,0.2092159041323489,0.17233774910791444
