,# comments,mean P(up),mean P(pos),mean P(neg),mean pos score,mean neg score
no_symbol,318,0.4902943802829374,0.6533401443612585,0.5370843761022247,0.2058487400436914,0.16879716845305295
btc,13,0.5589571079206247,0.5787747515258196,0.49032298371916483,0.18840421418973122,0.09221095390720392
eth,9,0.3222653583360226,0.8110709318610103,0.4312299966937378,0.22675460798815467,0.1635537716049383
xmr,5,0.26141925439426233,0.9188981021237014,0.3444314854018316,0.21425300146557297,0.15142122222222223
xrp,4,0.4545983685427244,0.23693825905395283,0.7843001285833862,0.18882105939503208,0.1859369351851852
link,3,0.5971239261449834,0.9915331753964164,0.2101317989687688,0.21623958689458692,0.05715555555555555
ada,2,0.39793940698711,0.9999540451173204,0.17316077239203037,0.28147507575757574,0.0
defi,2,0.04122768831515937,0.703707441712033,0.3640868983569974,0.22058596264367814,0.10943972222222223
usdt,2,0.9182887482932329,0.5604046518603427,0.39127774007876914,0.12496745098039218,0.12942833333333334
altcoin,1,0.7910811073554248,0.9969616994270188,0.2555342043969477,0.218145,0.0
lend,1,0.12256125306593725,0.987714472723718,0.7937013993361202,0.2097668115942029,0.32747600000000004
ltc,1,0.004884064135518073,2.025802041274264e-06,0.9996535074939398,0.21306239583333336,0.233052
usdc,1,0.0004140619595828903,0.990930582446334,0.30437311401145817,0.28207954545454544,0.061845
xlm,1,0.3492106196084578,0.9817166050449709,0.4705121656825745,0.20569416666666665,0.44196
xtz,1,0.8476287397602655,0.20484565420917297,0.7459222045197097,0.1846575,0.241415
total,364,0.48304394674620826,0.6587720397074759,0.5273752777869385,0.20602383514878453,0.16429678720587515
