,# comments,mean P(up),mean P(pos),mean P(neg),mean pos score,mean neg score
no_symbol,233,0.48404752246427024,0.6231293375125891,0.5532272238483622,0.2015390599329061,0.176625684780955
vet,29,0.611879085652421,0.6784058528854421,0.4855307509364432,0.19991292146698653,0.16831831504989267
eth,13,0.4965404164448671,0.5192615036325756,0.5996331512856375,0.18689864332071246,0.15173848791078204
btc,11,0.3196643654081749,0.7690232778751139,0.4303643590065958,0.24180245120460084,0.12703607568105293
xrp,8,0.3016243961453453,0.751862681735268,0.4649158662680662,0.22231203803205288,0.17631867824074077
ada,4,0.12121593505069218,0.91970082212288,0.37419823279614756,0.20082772212009803,0.13255625
link,4,0.46438632557919607,0.574716648972398,0.4223329953609731,0.19601670308123248,0.09227197916666667
defi,3,0.47861713955235835,0.8793146178652188,0.3800845665090064,0.2367933301767677,0.09067496296296296
lend,2,0.4698152119580099,0.9354712986488808,0.40476732206976096,0.16995407242063496,0.12716359523809523
altcoin,1,0.9368608014241716,0.413013586554309,0.4449133447161204,0.199945,0.021519999999999997
eos,1,0.24902687546213376,0.010055209948629087,0.9891725044909808,0.18816764492753627,0.2689895454545455
total,309,0.48160412097899696,0.6375310277139821,0.536572491538051,0.20275035533556782,0.17000562081926657
