,# comments,mean P(up),mean P(pos),mean P(neg),mean pos score,mean neg score
no_symbol,895,0.4515412135917645,0.6031392593827684,0.5451142752143031,0.20724447820395334,0.1739470075018621
eth,34,0.5214478029458736,0.7194166659463986,0.5046063895335644,0.22834509383515145,0.16431892555186073
btc,26,0.5262526832635955,0.7088212132554617,0.45319805658642287,0.2112340355093288,0.14172530572776895
xrp,14,0.33578631535916204,0.6425656115657634,0.4918751766721964,0.2008901246664821,0.17057985317460317
link,13,0.48453351016269985,0.6566890801761949,0.492719454780034,0.2192375853101548,0.16636249456099456
vet,9,0.42103596117200465,0.7791928633202652,0.45526178028483244,0.2038964209679034,0.18249118464052289
defi,8,0.5327132805777368,0.7103917158365141,0.4111832934897896,0.214656126033167,0.20651449652777779
xlm,4,0.3715571455244704,0.4302392121774771,0.6852886853130192,0.2008050930413832,0.19810079861111113
xmr,3,0.15942170602795697,0.7517144462624702,0.3330189289747842,0.1915875712773998,0.10034849537037038
neo,3,0.04444205501161113,0.2615072988682751,0.6649217811900918,0.13939003858024693,0.17356125
ada,2,0.7040606376570636,0.6249845317541001,0.7129931446069988,0.23966618434343434,0.2786366666666667
miota,2,0.11353080681324537,0.5004898690417012,0.5438626402545195,0.18516378703703706,0.17129708333333332
ltc,2,0.13012371568483413,0.9998389483178308,0.20208347731701112,0.23290618982208267,0.07166190972222224
altcoin,1,0.051227021172546065,0.9999999969882268,0.06593366853162863,0.2017319561403509,0.19122941176470595
wbtc,1,0.7302574450777611,0.92721164456274,0.26961357194418456,0.19666366666666665,0.07997
dot,1,0.9818879893611836,0.6694132753172143,0.26396379987913154,0.13772558823529413,0.0702425
dash,1,0.009528731282668474,0.001045255403829875,0.8670852264759138,0.10847907407407407,0.1949375
xtz,1,0.8970763849764509,0.2858878730615406,0.4444048778549397,0.140206,0.0622375
total,1020,0.45221115973466003,0.6125712826106333,0.5373130660088352,0.20769698535958347,0.1726035105895499
