,# comments,mean P(up),mean P(pos),mean P(neg),mean pos score,mean neg score
no_symbol,1026,0.46051854676123827,0.6508096864171404,0.5210140845599869,0.218557939911424,0.1794107398179846
link,36,0.37049182958858196,0.6080226989492199,0.5637143618976821,0.22766658874503154,0.17006448044348912
btc,31,0.4125848201222618,0.708055651433429,0.5072841131798577,0.22870949522506964,0.17944883495477043
eth,23,0.3505196594610677,0.6538426974090426,0.5403020710200478,0.21341973599771907,0.1733858603778468
vet,14,0.6330840300005314,0.6975693300545843,0.4941913239757583,0.21675865545048545,0.1861411410984848
defi,7,0.40421559903786736,0.4855140432861078,0.5460879984158117,0.16484494040879755,0.15442905215419503
xrp,6,0.34947013757705236,0.11372241453020865,0.7647154433981539,0.17590622332297334,0.20554410924145297
miota,2,0.2849544412378536,0.9494212836205571,0.32073079886790373,0.2462819097222222,0.11698458333333334
neo,2,0.18716394825929167,0.04850904263692941,0.8143344781998442,0.13786769444444444,0.20687940476190475
ada,2,0.08774728764089196,0.5637377073967719,0.4686932956740394,0.177106025862069,0.215865
altcoin,2,0.6600313117835546,0.9431058173481417,0.47377970869427,0.325447683982684,0.20033125
ltc,1,8.493256333439921e-05,0.9998526285968492,0.3096078222016201,0.212139051724138,0.1882
lend,1,0.4516465515739721,0.20094756773839165,0.6891587236327735,0.17073826388888888,0.23232000000000005
eos,1,0.3178280866805268,0.003727253889447213,0.9195008926541189,0.12886622222222222,0.19931214285714285
trx,1,0.3178280866805268,0.003727253889447213,0.9195008926541189,0.12886622222222222,0.19931214285714285
cro,1,0.07477262471320761,0.9994890492623372,0.3014708974150165,0.4286927083333334,0.037945
bch,1,0.02459032973333002,0.994728268425628,0.5845783639529503,0.21628015873015874,0.28108500000000003
xtz,1,8.493256333439921e-05,0.9998526285968492,0.3096078222016201,0.212139051724138,0.1882
total,1158,0.45258890534948215,0.6473803440624821,0.5237694404934752,0.2184371271414862,0.17916689790960086
