,# comments,mean P(up),mean P(pos),mean P(neg),mean pos score,mean neg score
no_symbol,190,0.5106943206471379,0.572243496934038,0.5675170857759091,0.21384839989139334,0.18615035083938358
vet,11,0.4462803671194677,0.7124709511702627,0.4443879744936433,0.19362042789484388,0.16607877738927737
btc,7,0.603387861140649,0.5911634009986722,0.6011675919535332,0.2462283740199859,0.2098357838010204
eth,7,0.5765150863216414,0.7111388609276351,0.46299962355018714,0.22957556122448977,0.13734390306122451
defi,4,0.7116551793913941,0.6759849698552792,0.5004938336660262,0.21717241319444444,0.20457041666666667
ada,2,0.2991268674886001,0.9078185653654324,0.6224840584264972,0.24836207702020205,0.21448183333333334
xrp,2,0.0014990991911235526,0.864688814834683,0.4438596934204577,0.15832360479797983,0.055623499999999985
xtz,2,0.27777900901832653,0.42190418301503446,0.6934752656371549,0.19017159090909092,0.12069641666666664
altcoin,1,0.8204954408884808,0.9962402053996924,0.7783934461859783,0.2182523717948718,0.29372880952380953
atom,1,0.5555467732785917,0.000855858373368209,0.7900937662287321,0.16341375,0.13014583333333332
link,1,0.9824954155128044,0.9992833839498152,0.40785717449957737,0.2530141666666667,0.15403583333333334
total,228,0.511238131105912,0.5910908033657831,0.55992825562248,0.21398566982286488,0.18334862570902535
