,# comments,mean P(up),mean P(pos),mean P(neg),mean pos score,mean neg score
no_symbol,156,0.39259371532309795,0.7770009159345199,0.4571478808566151,0.23425811956135315,0.145274128682571
vet,17,0.5788762110549714,0.6935774916873626,0.4415732233166694,0.21461348129024918,0.1663647679738562
btc,8,0.4013481841737722,0.7818788787548343,0.5359804812545318,0.24646630378989048,0.134915275122549
eth,6,0.4340663541215461,0.7942852332528823,0.4712845044852286,0.21506980152504585,0.13357935294117648
defi,3,0.8149778571050703,0.46050628368139446,0.6202595272827152,0.21776428240740744,0.19178375
xtz,3,0.5445088981354976,0.6302601434393179,0.6485449488338858,0.20017948946886444,0.137604358974359
ada,2,0.8042455002588467,0.642498448158991,0.479074110498358,0.17743860119047616,0.12352416666666666
lend,2,0.8140633459055489,0.915223045684855,0.31975581657092367,0.19793103174603172,0.14060416666666667
trx,1,0.980648604576114,0.29881497831633785,0.9651244578176684,0.2647627083333333,0.4183325
usdt,1,0.4014629824460436,0.9999588894373026,0.2673442551375537,0.2694109803921569,0.1837425
xmr,1,0.0010423365401290088,0.9999667932366828,0.9840758719467044,0.2641275170068027,0.22919578431372556
xrp,1,0.7135934933826559,0.9954897359544762,0.2009937668435884,0.18142375,0.10199166666666666
total,201,0.42941554304205326,0.7647048524379148,0.4664625707522231,0.23104050054830277,0.14836540742902599
