,# comments,mean P(up),mean P(pos),mean P(neg),mean pos score,mean neg score
no_symbol,555,0.5224992917000021,0.6417785233914274,0.522901143480073,0.21017355567546026,0.16720604063008243
eth,26,0.5131716014922402,0.588172343912153,0.5337554736874573,0.20711158887314468,0.16020735312604062
link,20,0.7628065278411241,0.8146832947429358,0.5004045293170104,0.2247528424618574,0.19663501543109668
btc,16,0.4769945866871146,0.7842526683009817,0.5306780668476682,0.22282151375567857,0.1538420939867424
vet,9,0.7954080630890332,0.7459343393595925,0.5975022560260872,0.20925992402919127,0.20799780148709315
xlm,7,0.46567204869326295,0.6360711978943839,0.5170483927752166,0.21286330922368954,0.181817985260771
defi,6,0.5128155347520578,0.4567838568636912,0.4867520944201258,0.17578177094629785,0.18478947453703706
ltc,6,0.7445582149231962,0.7970627847090536,0.5379259602810093,0.22001882209383758,0.18617870370370368
xrp,3,0.6545320981629604,0.3477804423200328,0.5981133759598516,0.1895983024691358,0.1491760119047619
ada,2,0.7632787872071652,0.9936971604137408,0.2939125091079788,0.26324522671568623,0.1612425
atom,1,0.05275863669142922,0.7762988454685685,0.8478349819571123,0.2781066666666667,0.189959375
bnb,1,0.6388320110965714,0.8307581368140031,0.3615361726996961,0.15005277777777778,0.1102825
eos,1,0.548873779448099,0.4868631151843246,0.5697240751789051,0.21333000000000002,0.179875
lend,1,0.021120301946705392,0.03569862734765853,0.267832181539258,0.16876772222222222,0.11220020833333333
miota,1,0.3140704838487315,0.9543103266891791,0.4691912499692954,0.15611924242424238,0.43674
stablecoin,1,0.16845958674045758,0.9825343013676996,0.28034902733614697,0.20809377777777774,0.060383333333333324
total,656,0.5326440557187448,0.6495540492396724,0.5227290805180812,0.21053257220531563,0.16858061916984338
