,# comments,mean P(up),mean P(pos),mean P(neg),mean pos score,mean neg score
no_symbol,774,0.4537965419163723,0.5905446028824277,0.5755796570700683,0.2173348053673053,0.18736781722186435
vet,19,0.39613461053331117,0.8139827151977135,0.4655616000389236,0.2128856950592636,0.15642126071612852
btc,16,0.26233319738502126,0.49983234799850595,0.6743485173770676,0.2176460312212266,0.22333448160924724
eth,10,0.5533743479784597,0.5587020648397121,0.5859635481434464,0.1986936628968254,0.16078304298941798
link,9,0.35969547092557835,0.761506951437938,0.4258313398741341,0.2063174184868629,0.14002664550264549
ada,6,0.4631512857983377,0.5287442554698731,0.5668871144645381,0.1769360118129042,0.1514685130070547
bnb,2,0.5636152795055762,0.24845434034026628,0.746707282553619,0.2094111284722222,0.1650214417989418
miota,2,0.3877064761930288,0.21705972367256118,0.8034892487443341,0.16145438492063494,0.22992880952380954
xrp,2,0.9217735633274977,0.961207670173106,0.40827799201624687,0.20561360339506174,0.076626875
altcoin,1,0.25951232757594955,0.0015336002927900814,0.999225516544844,0.1980176833333333,0.2356928030303031
atom,1,0.9883501288727582,0.10707278287428633,0.6204478276866062,0.16000819444444445,0.14924214285714285
defi,1,0.17891721905389388,0.9985656496876291,0.4725298214372997,0.17752160714285714,0.1967861111111111
eos,1,0.99959251340917,0.9695915063366471,0.5117059872055228,0.2489776234567901,0.15325375
neo,1,0.99959251340917,0.9695915063366471,0.5117059872055228,0.2489776234567901,0.15325375
trx,1,0.99959251340917,0.9695915063366471,0.5117059872055228,0.2489776234567901,0.15325375
xmr,1,0.9883501288727582,0.10707278287428633,0.6204478276866062,0.16000819444444445,0.14924214285714285
total,847,0.45297806448302874,0.5940189177508859,0.5742527266584354,0.21634611606788512,0.18592539103782638
