,# comments,mean P(up),mean P(pos),mean P(neg),mean pos score,mean neg score
no_symbol,550,0.42860360657110785,0.6626241107624252,0.5608341395818687,0.21612649777845902,0.18206564615842238
btc,49,0.3603904935945735,0.7600172526399557,0.5332870933757542,0.23866662796242416,0.1616784973606325
eth,16,0.3471149588161852,0.5980548896841159,0.6246909535960602,0.22442768125193063,0.16733493658234125
link,15,0.5585495885690397,0.772526790573256,0.5077631343384321,0.22452858309838314,0.16596588055555558
vet,6,0.6516821807146972,0.6918863829610297,0.5371734424441701,0.21810276316473556,0.20129391666666663
xrp,3,0.4295794530741273,0.3265277584935087,0.8786354913377569,0.2127723484848485,0.2503091245791246
ada,2,0.9068444519277093,0.860753138578902,0.41195531396261603,0.3024215,0.02146375
altcoin,2,0.005072664859424999,0.7388263362962693,0.6321909693919944,0.1967009185606061,0.14552275793650793
defi,2,0.36157424857539394,0.5497779164663746,0.4697572171544333,0.1793995,0.06334777777777778
cro,1,0.04289212297791376,0.08585806689771057,0.8436026560441504,0.16408,0.2606245833333333
xmr,1,0.24141546163626346,0.2973568220347217,0.6412309192290101,0.2239119047619048,0.18737166666666666
xtz,1,0.027455530729946928,0.5253209478224251,0.9477015992622744,0.20893111111111112,0.4545216666666666
total,648,0.42497033682008895,0.6684861706557422,0.5609886356825386,0.21824677572878873,0.17985659924889927
