,# comments,mean P(up),mean P(pos),mean P(neg),mean pos score,mean neg score
no_symbol,608,0.4566456388098459,0.6480720959396747,0.5419670067383532,0.2121756713422635,0.18258385178415795
eth,25,0.33271457816152505,0.5981906571261963,0.5891764680361558,0.19368309180921436,0.17532228935804933
btc,24,0.4010322437165382,0.650429535513067,0.6260907654417852,0.20877926660581736,0.21736640327149703
link,20,0.5937843156633552,0.6071503911926278,0.5794194745689971,0.20101707427617682,0.21191769345238098
vet,6,0.5350469678768348,0.8056988206298955,0.41283831437122,0.2185085745319495,0.1241235606060606
stablecoin,5,0.2678818965396036,0.6792802460439392,0.4619612186461993,0.20726267863173473,0.18688676388888892
usdt,3,0.6771180237859631,0.6828621285675586,0.4552018625639023,0.20257997682811013,0.14561755555555553
ada,2,0.5599627655098735,0.7772784581915431,0.6320792712772973,0.21287294802867385,0.09763730769230768
dot,2,0.15100688650009744,0.9963337734379495,0.27982587859751223,0.23106538429406853,0.09865320833333333
lend,2,0.9970331382305737,0.92249611022168,0.4733826007645247,0.22520262152777779,0.2811914166666667
neo,1,0.7660779557938688,0.9994509682197296,0.1835305585674135,0.19590388888888893,0.0
xlm,1,0.002441544557595219,0.732485516402359,0.6575542152932996,0.19151181818181814,0.2271646666666667
xtz,1,0.3330500924894963,0.3455677836942055,0.4384415157855545,0.1712936111111111,0.07911
total,700,0.4550821336393248,0.6492640270390909,0.5443749471684005,0.21104003621729608,0.18318064721154506
