,# comments,mean P(up),mean P(pos),mean P(neg),mean pos score,mean neg score
no_symbol,578,0.42585792129780553,0.6274032400298217,0.5455970391407857,0.21009696509704595,0.2001443155629454
btc,35,0.45538078886800326,0.5426888721892998,0.5884776669464772,0.20890450949254916,0.18780450640589566
link,15,0.5948310920385811,0.703302613215897,0.5405575303734086,0.21294659175448316,0.19797424074074074
eth,10,0.775377143923418,0.4499945654120142,0.6161516709198278,0.17541351879011763,0.18760002083333333
vet,9,0.5752591913588274,0.6022413666959434,0.592402559948527,0.17705502248440197,0.20207610802469134
ada,5,0.5228988925868359,0.6626006455828946,0.6132827431988013,0.211065872481685,0.24263241666666663
bnb,5,0.8599556086859621,0.6701795106398378,0.5505689235057687,0.17330059908042167,0.13255095151515153
altcoin,3,0.6591675650353771,0.6683424446399048,0.7117960897089318,0.22031654187552216,0.1922933080808081
bsv,3,0.5781460578549726,0.3828771683233558,0.7366506595414811,0.2062187606837607,0.32473508333333334
ltc,3,0.45227943214731997,0.6497000496890423,0.46662673553611594,0.19124361351611352,0.21684583333333332
xrp,3,0.5825091475837193,0.9554106536346678,0.6608786196449279,0.2360204620726496,0.2861336111111111
cro,2,0.5101132135781583,0.9867189185410423,0.21877446769870235,0.15898213541666667,0.0351975
bch,2,0.5649133049660441,0.5151333080633316,0.6265755535294362,0.2131023076923077,0.299002
defi,1,0.7501839245050341,0.9998048423366426,0.25593650042032345,0.3424643181818181,0.06346666666666666
eos,1,0.023427153382358158,0.7634880033395085,0.4602314218032549,0.12445375,0.092515
lend,1,0.3686015289515545,5.2684324075407114e-05,0.9687907921057068,0.14293111111111112,0.21117333333333327
miota,1,0.9997449158595418,0.9999925963758696,0.30247938494247395,0.2406186458333333,0.34951750000000004
xmr,1,0.9997449158595418,0.9999925963758696,0.30247938494247395,0.2406186458333333,0.34951750000000004
total,678,0.44684382190623684,0.6246353500330676,0.5502670233692106,0.20886138462292336,0.19998731601731606
