,# comments,mean P(up),mean P(pos),mean P(neg),mean pos score,mean neg score
no_symbol,539,0.45385533964317226,0.6161284769082899,0.5718502349313903,0.21523858027259538,0.1878034005619649
link,53,0.39298540294544526,0.6610481682610542,0.5518142711730323,0.22395547782497974,0.1709507057029511
eth,15,0.5182207831002994,0.739737696887323,0.47413708184713055,0.2168907481884065,0.12347009106280192
btc,11,0.3777739994255011,0.7312204982558991,0.6517718591016471,0.21772070818968878,0.1755494228778468
xlm,6,0.37973174448446284,0.589125571150234,0.5304254785921582,0.17479835974531252,0.1939241688034188
defi,5,0.4394236210648256,0.9953848999642988,0.24491808143424804,0.24880988563499287,0.1011161746031746
vet,3,0.4097922799636406,0.6537627141352357,0.5649952675610307,0.24103529761904766,0.2631573015873015
xrp,3,0.32416801019159736,0.24519351605769504,0.5750989094626228,0.14352722510822513,0.12833466666666668
lend,2,0.3153447728129365,0.529916135818824,0.3443702946706396,0.23776888194444445,0.09168438095238096
trx,2,0.5018772794927316,0.5490671316173501,0.47443029091727745,0.3000678362068966,0.08833464285714288
bsv,1,5.360937998692787e-05,1.006928966284766e-09,0.9999999995026996,0.2138352536231884,0.464319
cro,1,0.3038701010810435,0.8775178113014092,0.3148650268074541,0.18592000000000006,0.008592500000000001
ltc,1,0.9876571733777928,0.9994232311388074,0.274045060812744,0.287387,0.044505
neo,1,0.9887601412186948,0.958605705931534,0.9983318992121492,0.1944617338709677,0.21249478260869567
stablecoin,1,0.9999999782912388,0.9999890450401072,0.17469962294335106,0.1987443650793651,0.2452623333333333
total,644,0.44872244520903737,0.6265067420064001,0.565189360665007,0.21604669727992296,0.18361541735545528
