,# comments,mean P(up),mean P(pos),mean P(neg),mean pos score,mean neg score
no_symbol,2012,0.4032793434140955,0.5399746977927807,0.5983783379158707,0.21261573199749892,0.16951238640473115
vet,44,0.44532782457663206,0.5190056556418956,0.6359599752103618,0.19626662917685447,0.20156380811087063
btc,34,0.33039506233166893,0.563175987906195,0.6168038082700036,0.21560781992726272,0.17284295616824172
ada,28,0.4235463276586033,0.5263948879948284,0.5762618185322387,0.20988989063836475,0.167191141723356
link,21,0.32030952088460535,0.6905490706143588,0.5306087508016106,0.2179442657494479,0.18471192129629632
eth,19,0.31376714243871223,0.6872961556894461,0.5360669702006516,0.18806729339328707,0.14943862207602338
xrp,9,0.34278428855024023,0.45833551950360835,0.628845666506654,0.18219815171222808,0.19321412962962964
trx,4,0.4395058386265807,0.3346184842328335,0.5955532427630286,0.15096322916666666,0.22276428571428572
xtz,4,0.45393313259567575,0.5957520728041796,0.6543189520711251,0.23943269326320024,0.13466131944444443
defi,3,0.6191554687157041,0.5278272557037434,0.5090922848001516,0.18738924019607842,0.140979
cro,3,0.40489358016721017,0.5648794453087871,0.5751333052619195,0.22191517160957952,0.12254023809523813
neo,2,0.1155237207504485,0.9481847626763382,0.7449889836629621,0.17526632897603484,0.30797270833333334
usdt,2,0.9046869151915198,0.3500166824201421,0.6984719957801256,0.16823692156862746,0.11539613636363635
ltc,1,0.0021704733237560814,0.3661698994800123,0.7736357817696472,0.2582765151515152,0.22668600000000005
bnb,1,0.21614891353934784,0.9769031378490298,0.31233828439469075,0.25223976190476194,0.0
lend,1,0.7755878769010047,0.4488005840151841,0.3377387098631723,0.18655458333333333,0.047929999999999987
dot,1,0.2020462056866656,0.9861483756773888,0.28995055209914433,0.26647805555555554,0.06391000000000001
xlm,1,0.11669020555671507,0.9005642631980806,0.8948488063058173,0.17977023148148144,0.22629416666666666
xmr,1,0.4983992735941084,0.3876630019700521,0.5215606190630452,0.17299199999999998,0.13355999999999998
miota,1,0.11669020555671507,0.9005642631980806,0.8948488063058173,0.17977023148148144,0.22629416666666666
total,2192,0.4016753577662837,0.5426096610963885,0.5981650508501308,0.21185613303097875,0.17013440920262446
