,# comments,mean P(up),mean P(pos),mean P(neg),mean pos score,mean neg score
no_symbol,364,0.4705006340051823,0.6068222111159847,0.559480453865295,0.21315964156212533,0.16537746259677438
btc,14,0.5721753174220788,0.8422683748029789,0.4288750362529322,0.2127317894155767,0.12855247023809524
link,13,0.5575432484871662,0.7276456601939033,0.4150388114649734,0.17370801533378905,0.1232745641025641
eth,10,0.42454563721250266,0.6652239793283079,0.48213678991961134,0.2089312481473991,0.14026113888888886
vet,9,0.7165806163608711,0.8373729869906876,0.3577899814217578,0.20364218587996363,0.109489875
xlm,2,0.6440037259630926,0.37663974503338254,0.4600748722020691,0.19602986904761904,0.1820835
xrp,2,0.12791876421761683,0.7264230062144248,0.45159408917881777,0.20127083333333334,0.154305
atom,1,0.6142475032766621,0.9193098610743721,0.35399332249494164,0.17343666666666666,0.0
lend,1,0.0008063828600465441,0.9728244573921224,0.20743645852957765,0.15730161290322578,0.13490916666666666
trx,1,0.016446689157512583,0.9996322726806092,0.22361805199929424,0.25391526666666664,0.06356888888888887
total,417,0.47815533555673173,0.6269086917166017,0.5412482104348456,0.21133790380135034,0.16033327487131174
