,# comments,mean P(up),mean P(pos),mean P(neg),mean pos score,mean neg score
no_symbol,691,0.34696302342022467,0.6437889247100017,0.5631911946871057,0.21850719753614725,0.18637243769094725
btc,20,0.3629487716751867,0.5962162169724963,0.5972570731386471,0.20771254231410435,0.1890130347222222
link,11,0.2955426697998213,0.6624636738017119,0.5857661286969437,0.22251893361167815,0.15929693049543048
eth,9,0.20654256452878567,0.6744072422502271,0.44166329503517227,0.20291799697293447,0.11463926954732509
vet,9,0.08938798508009277,0.6977030177552355,0.5468467117728725,0.2320559870386346,0.15076024985302763
ada,5,0.37183979529006667,0.6379561557662965,0.49706189850630833,0.22223808472222223,0.10946635185185186
xrp,4,0.05613396346257754,0.7692274873148918,0.3516860530574787,0.22532761666666667,0.13213958333333337
ltc,3,0.32903478595191543,0.9573454976530114,0.23775700347633064,0.18729348664529918,0.14544500000000002
altcoin,2,0.4413246266925684,0.5850211751127404,0.806065186933935,0.24697570652173917,0.19031479166666668
neo,2,0.0017778573786531577,0.9881558366783856,0.20152471525218987,0.21484811458333336,0.095445
atom,2,0.9568559422017954,0.956869981837834,0.6316165116528212,0.2403578409090909,0.224209375
xlm,2,0.009853184865089598,0.925976059478232,0.2968435640715773,0.22668978125,0.07316500000000001
eos,1,0.03830979390741825,0.08341670906661944,0.9256241314209004,0.18613000000000005,0.28937500000000005
lend,1,0.5828709430009406,0.9164326402242368,0.6400937489785213,0.25116075000000004,0.1386425925925926
defi,1,0.24880137386808146,0.6037974133019126,0.5095621914233011,0.21246625,0.194315
cro,1,0.03837975373072472,0.3054885994507112,0.5324515991319558,0.13849666666666666,0.17327
stablecoin,1,0.9931559584448127,0.06879516530926433,0.7664120848097977,0.13818899999999998,0.23723875
trx,1,0.016446689157512583,0.9999774521058024,0.1939261499606114,0.23912881944444445,0.1418366666666667
usdt,1,0.018797430992320733,0.053347294730492316,0.9516336147618142,0.14832416666666667,0.4561783333333334
xmr,1,0.0015861576062736538,0.9823591880157658,0.1633986616092901,0.18296716666666668,0.04471
total,768,0.33952288989882495,0.6464621768950499,0.5593890642208456,0.21801326240335786,0.18366996981440156
