,# comments,mean P(up),mean P(pos),mean P(neg),mean pos score,mean neg score
no_symbol,1767,0.4534829491844548,0.6008606470078651,0.5472722887535016,0.20566252887584974,0.1768503619077623
btc,43,0.5219356313579719,0.5817919564312389,0.5966830394987466,0.19681389041447964,0.1942731134608286
link,39,0.5160266875919659,0.5756486922184038,0.6360614154384024,0.20331690169503056,0.19838179931452687
eth,24,0.5689921291334944,0.7139654235897089,0.5134031988928596,0.19821834952961773,0.19535677884615377
neo,12,0.4628980910223242,0.724843767075993,0.5195476482370082,0.21983849544668296,0.17396643518518518
defi,10,0.4324886362131365,0.7475803905273946,0.5215338828800673,0.21724838143338143,0.1687121232323232
vet,8,0.5340870326126552,0.7325661401172874,0.5117546080806705,0.22715794281462584,0.11546169791666666
xrp,6,0.6320750009585859,0.7728573071631982,0.5975186407457942,0.2575526622914123,0.16560736538461537
stablecoin,5,0.49707370866144884,0.8986425264765853,0.4257319237363017,0.2815211891203704,0.11228301010101009
eos,5,0.7561076695000708,0.5849745858651568,0.604536334278205,0.21536135622710623,0.2012977777777778
ltc,5,0.5763362931384581,0.4402668205929115,0.6027779444875626,0.20250344010025065,0.19607195833333332
xtz,4,0.5353695060548955,0.48881227769909746,0.6238200758888279,0.19698466220238095,0.18937944444444443
usdt,4,0.2981272254596201,0.4312565851250879,0.6746941243030335,0.16311029389880952,0.13244027724358975
ada,3,0.8027753106708341,0.8688053272607289,0.43210176797443506,0.27901518925518926,0.07477944444444445
altcoin,3,0.6320308344466624,0.5361421211453928,0.4404149989246438,0.11876763888888887,0.116995
atom,2,0.2746318709243613,0.5310952900135876,0.6348656503308056,0.21063833333333332,0.15533374999999996
lend,2,0.5074116798408967,0.4540589929075657,0.44703526912411584,0.19909049999999995,0.08541291666666667
miota,1,0.8685481892131868,0.7682959255256286,0.4345759085329297,0.18996294871794872,0.09259833333333332
dash,1,0.10738754290543184,0.9999935311499628,0.6213693283218735,0.2384901576576577,0.2709202380952381
bsv,1,3.1563981462994544e-07,0.72802720876751,0.9999387523062928,0.1873805357142857,0.2759076923076923
bch,1,3.1563981462994544e-07,0.72802720876751,0.9999387523062928,0.1873805357142857,0.2759076923076923
total,1946,0.45981463626747504,0.6041644802299365,0.5499183447649163,0.20579740016586442,0.17717036778320433
