,# comments,mean P(up),mean P(pos),mean P(neg),mean pos score,mean neg score
no_symbol,660,0.446009674424866,0.6314439173946469,0.5689765931830617,0.2185557530055979,0.18043072211649874
btc,30,0.4001299191180804,0.63580309350934,0.5661287261901042,0.22178747995520515,0.18265786387316385
eth,18,0.35996766822752724,0.7570048524191119,0.4366457742186836,0.21982714994868838,0.14719777195566774
usdt,6,0.290561942783063,0.3173290321800475,0.7428361673596448,0.1880011508572446,0.2485305596995597
xtz,5,0.4105644165648149,0.805090900205826,0.298002434959434,0.22151295184772124,0.1317097878787879
vet,4,0.4808990217844772,0.6978856178187922,0.43568860558526734,0.22258565522379664,0.14427013095238095
defi,4,0.41349518390985407,0.9240853221209163,0.3962563613690464,0.2314420736655774,0.10572901041666666
ltc,3,0.5305372517587646,0.6622258559096802,0.6594734056971169,0.269098582010582,0.21199967592592595
ada,3,0.18173740336052965,0.9252771894815982,0.2846449215260441,0.22142056923400677,0.11312388888888891
link,3,0.4372549832194062,0.30129968473883045,0.7635862608758854,0.2103232384364002,0.2101065909090909
lend,2,0.3325149388282784,0.9821907054998564,0.2512144862393558,0.1853559864864865,0.08140431818181817
altcoin,1,0.0038710608757870093,0.9917322466896838,0.4298702669484861,0.21250442708333334,0.13294
dot,1,0.4781897440845357,0.9881894166788096,0.2967942728129428,0.19005233333333332,0.075655
cro,1,0.0312987972995216,0.780057439230042,0.2985058544568605,0.2121644444444445,0.012666666666666666
xlm,1,0.6212944379599384,0.8281186887123774,0.6555909796636832,0.3076825,0.258355
xmr,1,1.0063493755801243e-06,0.0054238803149816725,0.9696686527259316,0.13447892473118278,0.3601866666666667
xrp,1,0.6212944379599384,0.8281186887123774,0.6555909796636832,0.3076825,0.258355
total,744,0.4382970961848804,0.6369931559743115,0.5626000134573653,0.2187456948023857,0.17907252514546002
