,# comments,mean P(up),mean P(pos),mean P(neg),mean pos score,mean neg score
no_symbol,916,0.530804936174712,0.6832377560587245,0.5278687431008733,0.2142883862688868,0.19686106561769234
link,51,0.5500793808801825,0.6970300375365326,0.49517641509350324,0.2238291384280409,0.18287847489765133
eth,33,0.5658043066080418,0.7613302995607819,0.481192587144347,0.21494149885517977,0.15808609909753987
btc,27,0.5553908316639802,0.7005113463512951,0.5163877570350468,0.22569492972331823,0.20574889252065348
vet,20,0.649131280723522,0.5419525065455157,0.5407875024337596,0.20777896229119883,0.14496443366013073
ada,7,0.2553606016826121,0.5126779018241546,0.6664785828864724,0.208585385026224,0.15645155662393165
xrp,5,0.4019836063473625,0.44915623709639246,0.5868577236700081,0.20629291809116806,0.14299039285714285
xlm,4,0.7717017265744301,0.701247932211765,0.41052100531472124,0.1986710685412225,0.11813962719298246
defi,3,0.9741601306182233,0.9859246675211676,0.22812074357023604,0.21125142474747474,0.12032902777777776
usdt,3,0.3959452759602226,0.9115431525704315,0.29388233864112084,0.22784484567901234,0.09243375
bnb,2,0.4603764087472197,0.5749303170134801,0.42440289073720594,0.21143160714285714,0.046668125000000005
eos,1,0.005620354554029035,0.9999632649846724,0.07425387942654918,0.20013675925925925,0.03185625
lend,1,0.9580055091434816,0.8139818111715524,0.3642685702584004,0.10865750000000003,0.0
stablecoin,1,0.9719823456371552,0.020630326059978662,0.5834868783707223,0.15854075,0.10798083333333336
xtz,1,0.0009936662690414435,0.9998674368919064,0.7447606868782822,0.2615049761904762,0.13217844444444446
total,1075,0.5346725676381723,0.6833370213884314,0.5235745567231723,0.21469869605909217,0.19219460450939696
