,# comments,mean P(up),mean P(pos),mean P(neg),mean pos score,mean neg score
no_symbol,1673,0.44577905248270183,0.6242175179080457,0.5455637304189745,0.2075365296812232,0.17550537526248738
link,63,0.4853171494865297,0.6647427548601847,0.510989606077495,0.2118758903806401,0.17574798820910129
eth,38,0.45424122874514816,0.6248805902159926,0.6005343266919714,0.19021314080445972,0.2149366638602625
btc,33,0.480264351862536,0.6925524649083404,0.44124063504127065,0.20248425592256977,0.14256352268718933
vet,18,0.42667623102319246,0.6656937234164151,0.5454685690454886,0.18549945312565294,0.19507215972222225
defi,17,0.42985667219131335,0.793980674702125,0.507575064189861,0.21111287008721288,0.18681623233384265
xrp,11,0.6099527633850125,0.6935048181716051,0.5179338004801871,0.20626956354641346,0.1378741508838384
ada,4,0.7056518335626,0.4587758870695521,0.5393479988208925,0.17513900049603176,0.14796958333333335
usdt,4,0.2786550260177316,0.56383913256445,0.635368215710248,0.19152153464590965,0.16558838541666665
xtz,3,0.3179802985236509,0.4024820577097243,0.5785919294929452,0.22905418749999998,0.2115167222222222
lend,3,0.5734352516050953,0.7468974498028352,0.6631169063142566,0.184020347008547,0.16728851851851853
dot,3,0.73737076406712,0.8815231965015667,0.45029557745231186,0.22321431265984656,0.16897488095238097
xmr,2,0.6900355247943121,0.6992718054272526,0.6811622733064073,0.23090152777777778,0.2600995
bnb,2,0.23774747740112567,0.4981192702625315,0.6061611721292471,0.18814565476190476,0.16978111111111113
miota,1,0.4797662980771591,0.9999867337420608,0.129780270471241,0.22910601851851856,0.14616875
altcoin,1,0.4878388364704298,0.9737203419143531,0.3987113574790238,0.2519351851851852,0.278375
xlm,1,0.9197502939483808,0.9868745554573276,0.9087848134064116,0.19856485507246374,0.3250703333333334
ltc,1,0.4878388364704298,0.9737203419143531,0.3987113574790238,0.2519351851851852,0.278375
total,1878,0.44953396600541107,0.6296141419557189,0.5434673623383504,0.20703348960838638,0.17601380115905987
