,# comments,mean P(up),mean P(pos),mean P(neg),mean pos score,mean neg score
no_symbol,1293,0.4871539426127893,0.6566175421175444,0.5600933422689517,0.21791628048983477,0.18079182043249042
link,50,0.48452269354115496,0.6240497976250784,0.5685250333718246,0.2196602576555572,0.17439279342592595
eth,39,0.5464089056936203,0.6608031756741131,0.5376273828006524,0.2055924290569366,0.17917198186073188
btc,36,0.5476354281955107,0.5566457580548847,0.6686806850028297,0.21056798096792648,0.2104789283444179
defi,12,0.7251435912552582,0.7549118158912674,0.4484771688806805,0.21996018618306346,0.17211188416907164
xrp,6,0.5945172399970011,0.7728319294947283,0.4955036028037023,0.1927742540849673,0.12101524074074073
ada,5,0.5565738820938078,0.6126168707293783,0.6309407164864879,0.19074295132457583,0.18726142083333333
vet,4,0.774042109131714,0.7374813808578985,0.5201180778008259,0.18989349928861787,0.21075854166666666
dot,3,0.6182849923049565,0.9316432051733118,0.33860536965208826,0.20614522399420987,0.14023241582491583
bch,3,0.5336083351804807,0.8577049105872717,0.635249149977051,0.22497809043489192,0.20735105555555555
altcoin,2,0.42824479861878606,0.40043805382508246,0.7061398993376798,0.2153799676779314,0.1765533234126984
ltc,2,0.9968695159279786,0.8980373342817862,0.5325686524124418,0.1860777958333333,0.185915
usdc,2,0.9861519926586606,0.9604575218920418,0.4739487372804734,0.22399231770833333,0.2968975
dash,1,0.995538195131698,0.9974687782448428,0.4584200909654485,0.2387544,0.15268500000000002
lend,1,0.06462815350339911,0.9845432282997082,0.5263413075354525,0.2582251282051282,0.2358933333333333
neo,1,0.953799554738438,0.9999849103561286,0.2058572806509808,0.2432726767676768,0.1561327777777778
bsv,1,0.8841857116114205,0.9534282042664988,0.2724879518296736,0.13443153846153846,0.075655
usdt,1,0.9991396404107952,0.006084030741719803,0.9639674859093084,0.19375213888888887,0.2192742307692308
xem,1,0.995538195131698,0.9974687782448428,0.4584200909654485,0.2387544,0.15268500000000002
xtz,1,0.14613570871241752,0.6898505766880689,0.5625148049339895,0.18067818181818185,0.15983833333333333
total,1464,0.4963156061138196,0.6565869022536671,0.5608276820344523,0.2171372340755136,0.1811016620662303
