,# comments,mean P(up),mean P(pos),mean P(neg),mean pos score,mean neg score
no_symbol,1007,0.48077936025980317,0.6373189357296803,0.5618911579322545,0.21777201299690613,0.19420890801813073
link,32,0.4487222317875435,0.7234556065253084,0.5199967786421288,0.23416915513410147,0.15306051633622197
btc,13,0.535522536851824,0.7688760256485728,0.4691680586956459,0.21535729224966865,0.1247958190583926
vet,10,0.4533300347669719,0.5004469507825894,0.5405484060366732,0.19162128218799618,0.1304285630952381
eth,8,0.4652989975674985,0.6454644033601387,0.6437341655085621,0.2024288735732866,0.18112291418650794
defi,4,0.48967215417546034,0.9569721744649128,0.5237537791970144,0.24240656579609504,0.10373961805555555
miota,3,0.5469927141804529,0.007150586914776978,0.9639494845460931,0.1689326084656085,0.24375384126984126
ada,3,0.5692930339514191,0.7394636514261878,0.4435008483827458,0.15793877012882448,0.09497904629629629
ltc,2,0.738506777080764,0.9929478781036427,0.2348822197722888,0.24647119791666666,0.049162777777777784
usdt,2,0.3212093196421406,0.4814935690947229,0.8983078176442117,0.21385848786630035,0.20628130952380952
xtz,2,0.004557307410691833,0.9949524990248206,0.6663830018922193,0.21658201033674343,0.23041340277777778
stablecoin,1,0.008717360164266729,0.9629871158020772,0.7976451520378071,0.19817495192307694,0.1938942857142857
trx,1,1.859262525857861e-06,0.9910633442825696,0.8796080215468789,0.19772201086956526,0.21072013888888888
usdc,1,0.008717360164266729,0.9629871158020772,0.7976451520378071,0.19817495192307694,0.1938942857142857
eos,1,1.859262525857861e-06,0.9910633442825696,0.8796080215468789,0.19772201086956526,0.21072013888888888
xmr,1,0.9492573368150772,0.9901567985513904,0.16491444271760666,0.21228083333333334,0.09832555555555557
xrp,1,0.9415169494251112,0.005634991819648817,0.9890078159914704,0.2658307142857143,0.196707
total,1092,0.4789979101653526,0.6419457259822395,0.5618532746354191,0.21767315744166585,0.19079583792038607
