,# comments,mean P(up),mean P(pos),mean P(neg),mean pos score,mean neg score
no_symbol,526,0.450083487235952,0.6107445223497477,0.5621280462336582,0.21841115161967023,0.17597379659410675
link,20,0.42307175371119116,0.7039264251990365,0.4527659740208228,0.22815081622023808,0.15243197569444442
btc,17,0.6043595881654527,0.5027007178715838,0.5751207426664832,0.1880770182182381,0.18204629663865549
eth,17,0.6504488959284412,0.7119777378093879,0.4633374150144202,0.21329808571251765,0.1317321336113233
ada,6,0.3405148353945849,0.7476724020456422,0.509303047021956,0.274829417989418,0.11869377777777779
defi,6,0.3445748187713793,0.6868928511438176,0.47043664119758105,0.18829229717813054,0.1264573240740741
vet,4,0.8128629004781479,0.6372004409224062,0.5058316078466096,0.1813330150462963,0.11006666666666667
xlm,4,0.5798141266005443,0.7443473972307606,0.3382589947547433,0.20322194418139733,0.12760675595238097
lend,3,0.5023764897800382,0.34084660871098166,0.6739736701913479,0.2035100672074385,0.13513322685185183
stablecoin,2,0.9412232347294329,0.4323390943117733,0.6460996128391849,0.18804756172839504,0.1473596212121212
xrp,2,0.6585507616111519,0.7274276274666752,0.42014288846959025,0.2266956087662338,0.23220267857142862
altcoin,1,0.5399326302389215,0.8828397990433069,0.2695269103689054,0.13829513888888886,0.08044
bsv,1,0.7064705366130962,0.9732595481599344,0.3788351740945936,0.3280066666666667,0.0
cro,1,0.19642677084722504,0.4157971534097779,0.5312250302454774,0.21881277777777774,0.13655833333333334
ltc,1,0.7064705366130962,0.9732595481599344,0.3788351740945936,0.3280066666666667,0.0
xtz,1,0.9871291750386648,0.9932041544455352,0.2955029005684387,0.23482944444444445,0.0
total,612,0.4641526907428327,0.6171465642993175,0.5517182879447422,0.21777054935971604,0.17115721037856532
