,# comments,mean P(up),mean P(pos),mean P(neg),mean pos score,mean neg score
no_symbol,1665,0.4631577746413645,0.6954435935309389,0.5032788597429503,0.2241865118534196,0.15827195320976262
eth,36,0.5323277935438917,0.7584204577362195,0.48677723593286765,0.2291039048341873,0.15857202076352145
link,29,0.4590036258480818,0.6448712277345293,0.5576205117172232,0.20755477847635675,0.17874459823024993
btc,24,0.6222822610972684,0.7925061447136477,0.4661651016507795,0.23437191799387425,0.1693620558586861
ada,17,0.44930576140086087,0.6790631236188552,0.41566648687996854,0.19589399579476705,0.11269271405228759
defi,14,0.5466058649048173,0.7964775640880258,0.4535869565047433,0.21344890221414833,0.15462019543650793
xrp,9,0.5900005384998431,0.9482224021054617,0.34254668931288407,0.22029179417259337,0.2313404825102881
xlm,6,0.7768648459390867,0.8215253172585131,0.2872955692019792,0.19525998050250773,0.1435632361111111
vet,6,0.8012549058842645,0.5975346602692048,0.4167811999186239,0.2031013162177329,0.09154648148148148
lend,4,0.6615883817312709,0.4368102344173923,0.732586529573667,0.19324764679369344,0.20669855769230766
trx,2,0.48223903698204235,0.4989765769393415,0.5433601324476187,0.16859635185185182,0.14256341666666666
stablecoin,2,0.9998638817314179,0.9998811471311796,0.08836088557100183,0.19497179335937503,0.28262879166666666
miota,2,0.45714849241603406,0.38633358351762037,0.5077840549768198,0.18412997727272729,0.10062472222222221
neo,2,0.18080695353471948,0.32736861166120435,0.6103498963308495,0.17995633333333333,0.1275805
bnb,2,0.8486219587737982,0.5381860170811845,0.6276548250123413,0.2282480082582583,0.13820646551724142
xtz,2,0.3320248046818435,0.38656863062031943,0.7371177226123433,0.202312,0.16272725925925927
bch,1,0.7497506878856818,0.9994030359517124,0.2261029146586452,0.2446041666666667,0.08537133333333333
usdt,1,0.9698101076393773,0.6180703627120973,0.8280333721748917,0.18709545454545454,0.388075
eos,1,0.15514950877349734,0.00029737919814178663,0.8564404359385082,0.16493566666666665,0.17799933333333334
wbtc,1,0.9956463117254274,0.9999303469604895,0.2313759863419944,0.27725688405797105,0.123205
dot,1,0.044411195600216884,0.7095581854503965,0.22311274717992133,0.18303017857142856,0.04294333333333333
total,1827,0.4711545209447677,0.6973346374656041,0.5008707358183194,0.22331686686965493,0.1585144551700102
