,# comments,mean P(up),mean P(pos),mean P(neg),mean pos score,mean neg score
no_symbol,356,0.4617005386674179,0.5569040271671214,0.5788991043478787,0.19762539705106108,0.17686074390795956
link,30,0.31126335311591435,0.4949191469945927,0.6354411789471642,0.19586581605600942,0.21508860134479718
btc,28,0.45660276280058393,0.5784792985191448,0.6121293118165588,0.19830804305824534,0.21346632327097506
eth,13,0.4427228501661302,0.6024211747727455,0.564179339377648,0.20652584078670624,0.18403993452380954
defi,5,0.6427542753201256,0.6969987338306389,0.4805639236121987,0.2065183445496584,0.16333123809523814
vet,4,0.25200619069411373,0.5977124350144783,0.5190550313135774,0.19354909158615138,0.18036125694444446
xmr,2,0.6166251736894761,0.5099737454528308,0.6587792669012849,0.22697200000000003,0.26104375
xrp,2,0.2865562362162474,0.669718949592647,0.7367802504345058,0.19636917735042733,0.27963041666666666
ada,1,0.17067589596350782,0.7546709566773336,0.4852999278701837,0.25049,0.1480775
altcoin,1,0.21934747830507947,0.9968066649870272,0.9898941884053808,0.4039071296296297,0.2911520833333333
bsv,1,0.9969844834028988,0.9999999617475592,0.10331653762482547,0.2782789942528736,0.09472666666666668
ltc,1,0.00022130547317498832,0.012307660852852677,0.9608261268373238,0.17779607142857146,0.2521874074074074
usdt,1,0.7621572359462367,0.9159739363067542,0.5204252037627562,0.2500238392857143,0.1279336363636364
xlm,1,0.10608700021523558,0.5727872351848267,0.9563075230207739,0.22540075,0.5158622222222222
xtz,1,0.05489994352742472,0.9997301086136771,0.140189963030299,0.27637962121212123,0.03587708333333334
total,447,0.44872952812455563,0.5606751879990757,0.5840082481153721,0.19906895708572428,0.18315419512950393
