,# comments,mean P(up),mean P(pos),mean P(neg),mean pos score,mean neg score
no_symbol,705,0.4385351514745424,0.6518298710863666,0.557829719322043,0.21466324924165672,0.16898158442121466
btc,23,0.7506722619558057,0.6526903313840497,0.6794889524050537,0.2159836341756622,0.18975325759079306
xmr,10,0.6881514452473259,0.7559942765703778,0.7514646948343287,0.23159663074313008,0.23672009619259016
eth,10,0.5375187946483294,0.6948055486163515,0.5831023268689343,0.2261522717899085,0.13709196211883876
defi,8,0.35020911135632743,0.573316873740923,0.6138749839254395,0.21672396299341745,0.1580949409722222
link,7,0.31646432909797095,0.4415411560992464,0.7597638973266644,0.21510893776663206,0.21535815697794267
stablecoin,4,0.5966898529600082,0.790058800585577,0.607168197634626,0.2051671379399586,0.19406931423611115
lend,4,0.45629395961107705,0.5834412424817946,0.7017291311998908,0.18950686439946898,0.196266328125
vet,4,0.4268147196965754,0.7699310075489588,0.43600428307856387,0.2415682074652778,0.1090921726190476
usdt,4,0.6328039524630545,0.5862714852307619,0.6426023724690116,0.22785887780112044,0.14385210714285715
ada,3,0.6426361035407028,0.5772739730749575,0.809510477686861,0.19169924512521788,0.2594476041666667
xlm,3,0.16761180284715282,0.6889933304104988,0.4186334772927311,0.18183795767195765,0.12744722222222224
miota,2,0.9851981288573004,0.9999658972664155,0.22687725787710036,0.25516402136752137,0.09600354166666664
neo,1,0.08270662761014602,0.8601598391358104,0.33621600257803724,0.18792909090909093,0.14618
atom,1,0.9984733068598792,0.8521443911322544,0.9960187148057844,0.21098290960451974,0.2334998412698413
cro,1,0.307559925549496,0.9996557337152212,0.31169947397058817,0.2485116333333333,0.11836499999999997
bnb,1,0.88159119756042,0.8862653102858945,0.3388774943881615,0.1295885714285714,0.0
xrp,1,0.9912081569048224,0.5012528921041206,0.4284683219949597,0.13761374999999998,0.1342375
total,792,0.4543174981544377,0.6534776263724266,0.5663796688422198,0.21480331761600727,0.16990507922164663
