,# comments,mean P(up),mean P(pos),mean P(neg),mean pos score,mean neg score
no_symbol,1879,0.42678161875499754,0.6262311735828751,0.5647186423107005,0.22050187080291805,0.18451519044785017
btc,65,0.36233048936286055,0.6547619654273378,0.5641463028000456,0.2142178362325047,0.18522044699113213
link,36,0.30956386045762174,0.545268755778203,0.6397946441659912,0.22946217118885487,0.21333064379409172
eth,34,0.3813380082985207,0.5562068241064404,0.5990800194221548,0.2081486808560975,0.21662315804933083
defi,15,0.342195607466332,0.6946086099587213,0.5402679435037966,0.21867861255995272,0.21325537142857146
lend,11,0.5061779611862919,0.5484469839289704,0.6104358367079257,0.1862658027887577,0.19923077602952602
vet,10,0.4231357120779773,0.5213670723328555,0.541887355097703,0.210187986238199,0.1555681746031746
xlm,8,0.1891797169135634,0.746923587006378,0.5069631700987525,0.24003350418507996,0.19043090625000003
xrp,7,0.40621408012440824,0.6692231255397126,0.5761631716994954,0.25403597553055407,0.20502507936507935
ada,3,0.7816001182255233,0.7145697075651077,0.437347376352873,0.25731124974279834,0.11061402777777778
altcoin,3,0.6436903378673318,0.854786750152472,0.4412197961299203,0.21051483445566777,0.1621575
usdt,2,0.6157444328448634,0.9929447870302548,0.37222272385559385,0.2654155092592593,0.1438404761904762
xtz,2,0.5866465864091921,0.3274002277407498,0.677901507478674,0.20944725649350648,0.15379500000000002
neo,1,0.9769116142237768,0.97381784071499,0.2782572202605813,0.15195041666666664,0.14186416666666668
trx,1,0.5272203413051216,0.3310685762843449,0.8147275726833758,0.22729899999999997,0.155501
miota,1,0.6314039769387165,0.2600365414229784,0.976013884072072,0.2279252272727273,0.27504
cro,1,0.3135755910204334,0.8214079590139742,0.39893053040020304,0.15597599999999998,0.017034999999999998
bsv,1,0.4590388983648134,0.014519871653225418,0.9928255357715152,0.279963,0.3447235714285714
bnb,1,0.10859695099882613,0.9914002150598415,0.33711144784539165,0.3274080952380953,0.017145
ltc,1,0.0432630214889678,0.9995176943805816,0.5472987846157481,0.3068331944444445,0.16641486111111112
total,2082,0.4220046991407211,0.625290492562255,0.5660830047357884,0.220338582789182,0.18550645785324682
