,# comments,mean P(up),mean P(pos),mean P(neg),mean pos score,mean neg score
no_symbol,389,0.505705572405169,0.6916638857818832,0.5229484260479744,0.21802942585612034,0.17174710751676903
btc,14,0.4485722972577601,0.7048607135669503,0.5118033803165913,0.21299134860325483,0.16232883061878597
defi,12,0.4955940165968058,0.7922180638579098,0.4456809752333235,0.1986757132360906,0.13046569097222224
link,10,0.48378886616287425,0.5616601794978493,0.6489828915138207,0.1643870884093303,0.25764017638888886
eth,9,0.33840840907693387,0.8266454947747162,0.4985946621286129,0.2203794441631872,0.18052180626780626
vet,5,0.6070211978711538,0.6880201194933594,0.6554240604142135,0.23849279298954457,0.23774711111111108
lend,4,0.6619201317776994,0.4865143415949741,0.7003055243463889,0.20015987674004787,0.1444748784722222
bsv,2,0.4010116882830856,0.4679879245529055,0.8770223111080906,0.2270218287037037,0.49383156249999993
usdt,2,0.09056332423525175,0.11417083146172574,0.8631756588175514,0.16829475000000002,0.3156975
usdc,1,7.995945927219739e-05,0.08428145424717,0.9006151979364451,0.18352575,0.2905933333333333
xmr,1,0.9964283534400532,0.8232038962888637,0.9994653850175272,0.2400493703703704,0.3079383333333333
xlm,1,0.07297056689812037,0.9865902244567266,0.3095297148797868,0.3007233333333333,0.0
ada,1,0.3796846160469802,0.98417911119545,0.2892714246818171,0.20882283333333332,0.017145
miota,1,0.011129935255022604,0.6451607879886019,0.5376805430613026,0.24937875,0.30861
altcoin,1,0.9937201727893018,0.9999922718998464,0.19117355259762425,0.2514976388888889,0.10005233333333333
dot,1,0.14884539727704849,0.7891657487654401,0.2966053954588725,0.18688153846153846,0.06664166666666667
atom,1,0.14884539727704849,0.7891657487654401,0.2966053954588725,0.18688153846153846,0.06664166666666667
xrp,1,0.9741642508097078,0.9009151015806496,0.43818940568822795,0.14697217948717947,0.2357475
total,456,0.4982938104396009,0.6908803934087717,0.5279285350620139,0.21610787179939245,0.1746227583167319
