,# comments,mean P(up),mean P(pos),mean P(neg),mean pos score,mean neg score
no_symbol,846,0.42682068798065853,0.6216853519541649,0.5405960984714102,0.21241275054972286,0.16796201212211154
btc,35,0.4480881582826208,0.6924032215145826,0.5248079772058936,0.2179668293483043,0.16447830644087472
eth,26,0.5679380846269487,0.6723061868134814,0.5022413500800382,0.20884076121297282,0.1447758475297427
link,21,0.3489715007622897,0.5872585081069345,0.5862164147739323,0.22508731043789817,0.1971301142456983
ada,7,0.980551437455628,0.5456378779037159,0.6341873072240732,0.2109864950799361,0.21930619785423705
defi,7,0.7334887246730256,0.8826527455813731,0.413642397678479,0.23063411698717948,0.19100352876984128
usdt,5,0.5848074405515911,0.7095009211872003,0.4987817524158067,0.18545780630110634,0.1654396
vet,4,0.5150247242165981,0.32764543573393284,0.7370714210279954,0.21342137202380954,0.1896833197463768
bnb,3,0.15903020609649676,0.8973595222952486,0.3145020769462332,0.20170771043771044,0.0665025
dot,3,0.3852815925670021,0.48261776147386204,0.4465278517035692,0.2135887896825397,0.08391129629629629
usdc,1,0.7507781812117004,0.9390507583791244,0.3211016356192122,0.2813027272727273,0.040920000000000005
xmr,1,0.041802287622759095,0.9851212784751802,0.3128041297131581,0.23811925,0.13950900000000002
lend,1,0.998980869818314,0.9999997489307916,0.5015953997473943,0.3081077272727273,0.17522277777777776
stablecoin,1,0.7507781812117004,0.9390507583791244,0.3211016356192122,0.2813027272727273,0.040920000000000005
altcoin,1,0.015975485747330164,0.00832208960958688,0.9566124259926452,0.2296894444444445,0.23145944444444444
atom,1,0.5380805412702423,0.9998115203166904,0.19483163000120607,0.2667992261904762,0.018865
xrp,1,0.5696355692462659,0.1916930075281744,0.5449286188655027,0.04974166666666666,0.26435
total,964,0.43687714007726275,0.6266093482985718,0.5386872053561924,0.21292530122047765,0.16761109376777503
