,# comments,mean P(up),mean P(pos),mean P(neg),mean pos score,mean neg score
no_symbol,379,0.39967092755823064,0.617526372938021,0.5488603193795112,0.21580972114581765,0.18056657328729261
defi,16,0.3869096623636531,0.6055361615308038,0.5425109182064908,0.18962619973607606,0.1624146793154762
link,11,0.3639277580791251,0.45466239449053797,0.6956207833946099,0.23949139791555904,0.20695709785353536
btc,10,0.4223295189442472,0.32024693826427403,0.7689940253322078,0.20120019891934046,0.21941610164141417
lend,8,0.4071820970382859,0.6996173303298685,0.6363962782831109,0.20637815187926414,0.17832928993055555
eth,5,0.24189856146809935,0.47844608277186734,0.4724795012277463,0.2217389288905133,0.15334045416666664
dot,3,0.6236265728177791,0.3732237232576634,0.6160051239821855,0.23569570370370374,0.11344186111111111
atom,2,0.059273482271326505,0.04760106291343569,0.7460203189376708,0.23043524853801167,0.21314741666666667
bnb,2,0.537579451627228,0.4619267141538687,0.6118190601804554,0.1721903472222222,0.09613583333333334
neo,2,0.8611702531807892,0.5000529052919784,0.5868687784348258,0.28049850727387726,0.25826930555555555
xmr,2,0.11168368850335891,0.9995633511552822,0.29882765168150366,0.2631448086419753,0.10013208333333334
ada,1,0.01903092890618196,0.1890040659829356,0.8805181858662133,0.09427687499999997,0.4000775
altcoin,1,0.011619076694244073,0.971127289325956,0.30965734075371104,0.14993499999999998,0.0
usdt,1,0.8709730831787357,0.979409123432924,0.6989403101680057,0.2100857207207207,0.1730722222222222
vet,1,0.4754653158211562,0.14950994032220044,0.92506527138343,0.16659708333333334,0.24680361111111115
total,444,0.3980780813706454,0.6021419107261393,0.560006397382414,0.2149832215074565,0.18061495500553326
