,# comments,mean P(up),mean P(pos),mean P(neg),mean pos score,mean neg score
no_symbol,286,0.5349034012964609,0.6323283559962277,0.5328221838118358,0.21102007205173176,0.1652771066006804
btc,20,0.5660152569274708,0.673263496651892,0.44407089243722603,0.21276750752354387,0.148030053018278
eth,18,0.44188742822477045,0.5287587051673729,0.58157811117313,0.19730301291748514,0.16711918486451818
defi,14,0.403370302344931,0.6441098746915292,0.5466396348328677,0.22295041215525283,0.179193090007215
link,4,0.9120219132341439,0.8190992188847054,0.4599431462571525,0.17762173674242426,0.1265912986111111
lend,3,0.8785347123178585,0.6502702723681064,0.5700125125668553,0.13870626803751804,0.19936937037037036
ada,2,0.9162132989452615,0.498480361651724,0.4888872913030643,0.181733125,0.06373583333333334
altcoin,2,0.8211965372449589,0.5571558028172858,0.4436494240443494,0.22860685064935066,0.09320333333333333
xlm,2,0.872386292991082,0.10159156188069567,0.6322977585500626,0.20203222222222222,0.11512483333333334
xrp,2,0.872386292991082,0.10159156188069567,0.6322977585500626,0.20203222222222222,0.11512483333333334
bnb,1,0.7676030372380775,0.008792280870405083,0.9051656229222048,0.06333777777777777,0.38182
eos,1,0.311321492534943,0.7261429054433483,0.4642047673330778,0.17117598484848487,0.163759
miota,1,0.9923461219981066,0.9999989685596804,0.835015571481524,0.3054655894308944,0.2034321428571429
xmr,1,0.8911620082563907,0.956567854531082,0.4076634322749741,0.1622076923076923,0.43488999999999994
total,357,0.5437376054467075,0.6254418010228614,0.5320617571130031,0.2093486061501096,0.1647323648484646
