,# comments,mean P(up),mean P(pos),mean P(neg),mean pos score,mean neg score
no_symbol,979,0.42753801477664893,0.6616566838112953,0.5258337685564335,0.21229704310014486,0.17637123962809642
btc,26,0.3355591496656982,0.631610735445267,0.5346755524445493,0.20352468386629227,0.19559921093676622
eth,25,0.4902881339655996,0.6316315291709567,0.4743673931504882,0.19888277700220114,0.15224554870600415
link,19,0.4709480587828505,0.7006600225267748,0.47030411138218847,0.2017777303154301,0.15660274958228904
defi,11,0.35883033238427214,0.5596563201092963,0.570152005035744,0.19682336354398658,0.2049950233036891
neo,6,0.4620852331183785,0.570832457007813,0.6107844190089754,0.20346331954156952,0.24828393518518518
lend,5,0.6781081122972066,0.4327970332664025,0.6598090741058111,0.16887909783549784,0.23866733333333334
usdt,5,0.5471351087975665,0.6053219979484294,0.7001965115423905,0.24476194047619043,0.2439196095238095
xrp,3,0.2837240469028201,0.9991525487568099,0.5084626640070189,0.22924517114006757,0.17159150950292398
xmr,3,0.38820574903181404,0.4560361078559258,0.36195674759560365,0.18845779629629633,0.06959055555555556
vet,2,0.30465506375853624,0.1449306294089658,0.8471292757757705,0.10702693055555557,0.275426875
ada,2,0.510462527620477,0.6762524976909544,0.5403877997062283,0.22137207364341085,0.22970629166666667
altcoin,2,0.3398124859443402,0.9999067500532918,0.1468663678769587,0.2604051762820513,0.10458208333333333
eos,1,0.9468895739077228,0.9833223003208836,0.24155835420091426,0.17378069444444444,0.13902958333333335
dot,1,0.21599397680780832,0.016528385152390856,0.8353315658241783,0.14845999999999998,0.25061625
cro,1,0.7807908106800981,0.002915735911045556,0.8801812721476081,0.20550066666666664,0.14094571428571429
bsv,1,0.22282845483921213,0.6946782351298784,0.6322318526722729,0.1790396875,0.2712825
bch,1,0.11760967806904925,0.2069438660669983,0.5994492541586723,0.2144275,0.15500166666666668
atom,1,0.08118841609959011,0.352547836219154,0.9604966625963052,0.21966999999999998,0.3690063333333333
yfi,1,0.27615559056047084,0.8180006777985509,0.3018137796399339,0.10789462962962963,0.0
total,1095,0.4276734593858331,0.6567503136166069,0.5263518548728622,0.21102267198713898,0.17713338480776972
