,# comments,mean P(up),mean P(pos),mean P(neg),mean pos score,mean neg score
no_symbol,1816,0.4611973832379048,0.5928219513855011,0.5648797726631605,0.20651254594820848,0.17745989280941782
link,51,0.4145469363962265,0.681555972410856,0.5619459754922661,0.20793525627904916,0.1806049921532716
eth,43,0.5271821497720495,0.5973583059821458,0.5352655841947924,0.21144636457997032,0.18140683660944998
btc,43,0.5336407598345247,0.6203916637524673,0.5049380993214054,0.20719469005136795,0.17282690590008618
defi,9,0.350621898605858,0.4819938836954656,0.6445072046016526,0.19074991902500793,0.22428358796296294
xrp,8,0.6187867878576567,0.7618591726995425,0.29830161307841097,0.22529189165514385,0.13826864756944443
ada,8,0.45373976086096834,0.5867587683261148,0.5962047683856617,0.20308294417735043,0.1637753113425926
vet,7,0.6862429343364705,0.8757371446647405,0.4224354144917603,0.22264396861536515,0.2577246598639456
dot,4,0.5777038392686329,0.9400227734116298,0.3238054953640234,0.19420634316420016,0.07817770833333332
usdt,3,0.6879963662784915,0.34313223202991,0.6767086951116243,0.1529745196078431,0.25133682098765436
yfi,3,0.1956447935714319,0.5553802762969042,0.4507735559543648,0.20730027275964777,0.1397935
cro,2,0.00131329618865179,0.11008026011667929,0.8240927529097908,0.17029835488505748,0.2349369375
altcoin,2,0.2585377421780961,0.5532115578786306,0.5091223496787551,0.2214575050990676,0.23737477777777782
miota,2,0.34035677284302285,0.5954954539883693,0.39581529631782997,0.19376369791666667,0.12585375000000001
neo,2,0.35934425909676393,0.8525911321714886,0.5542463285251593,0.2639575137362637,0.1563002083333333
atom,2,0.9972854444397888,0.9987322139542807,0.312286295818138,0.23533973178294576,0.15628041666666664
bnb,1,0.0227261019019549,0.999999970799034,0.046542992282523135,0.2587137980769231,0.10294055555555554
ltc,1,0.8741709306706618,0.7607377253018062,0.5287129553607693,0.19641625,0.293515
bch,1,0.3256421190529491,0.7722206403618395,0.3730800209312866,0.14161055555555555,0.12342916666666667
usdc,1,0.9820578143410597,0.5699972056150754,0.5198132958232818,0.1987538095238095,0.08575666666666666
xlm,1,0.05256356995594931,0.04158102202276282,0.9596342801521875,0.14667204545454549,0.2298561666666666
total,2010,0.46366358768603083,0.5973953740898886,0.5609054290636192,0.20661927980832254,0.1776577805890784
