,# comments,mean P(up),mean P(pos),mean P(neg),mean pos score,mean neg score
no_symbol,676,0.4226200914567168,0.6486028789764836,0.5239254356924994,0.21337799110673095,0.1519324668401009
btc,19,0.479992195268347,0.6163114865794962,0.5637861764029226,0.2055861050822959,0.17567442030991023
defi,16,0.49939589841047793,0.7921339937580097,0.46227254264417095,0.23767708116174507,0.17791879193722945
eth,16,0.49442204769111925,0.7989754169917337,0.45663563839994425,0.21691236665344393,0.11929962574404762
link,7,0.38873364242947994,0.7334625789444384,0.5182337289891185,0.23312617705971278,0.16975357142857142
lend,6,0.5917296439637184,0.8529926398414934,0.3671918768243321,0.23651406222865556,0.17454038961038962
neo,5,0.5317524099935597,0.5159580862526859,0.550901845652394,0.21586097288359785,0.12207513333333334
stablecoin,5,0.5414329406942993,0.9040342660897613,0.45431946204475937,0.2226864295634921,0.13958790000000001
ada,2,0.8426779634445776,0.995974133565994,0.2881120361942955,0.23474645833333332,0.1248425
vet,2,0.033376258959313995,0.9926028356524774,0.31658366100756674,0.2846177884615385,0.1565375
bnb,1,0.6200390661903393,0.8191483452465989,0.5148549408129339,0.3045264285714286,0.21496
eos,1,0.9882546498442648,0.9977355170085525,0.3095935241892905,0.30703187499999995,0.0
usdt,1,0.8659326230849929,0.7550220192767133,0.3714888463341102,0.1803328125,0.12632000000000002
xrp,1,0.9987007935967204,0.011510972259182151,0.1213860872030978,0.15515690217391306,0.08932038461538462
xtz,1,0.9882546498442648,0.9977355170085525,0.3095935241892905,0.30703187499999995,0.0
yfi,1,0.6203837748167182,0.1767973475805212,0.5172612649358695,0.13981447916666667,0.18905750000000002
total,760,0.4331358352485234,0.6588295714674981,0.5181559556064669,0.21460449557997882,0.1520077718968965
