,# comments,mean P(up),mean P(pos),mean P(neg),mean pos score,mean neg score
no_symbol,526,0.519656925214611,0.6797217887311447,0.502070081468728,0.211289907349137,0.16500831049365536
eth,26,0.3707307744485779,0.7823757068949816,0.4559026864363125,0.21684713862296087,0.15843501602564103
btc,18,0.4026515697837303,0.6988165328805834,0.5365464372874397,0.2017511626335543,0.14662288503086424
ada,10,0.47497838034561085,0.6523375559237126,0.4897392052595391,0.20388825568449978,0.1678070125
defi,5,0.3375226314783645,0.8379720143754682,0.46278120645620613,0.2277696380284512,0.2221042666666667
lend,5,0.530989829926301,0.7769623219248583,0.5925744292798377,0.2330413295454546,0.16047861666666666
xlm,3,0.4266752211568851,0.4295333181536239,0.7172044086283936,0.2164883538961039,0.23611233333333337
link,2,0.5005668539807852,0.5975056285735583,0.8701218107525763,0.22787109375,0.28555602272727276
vet,2,0.9984831383375903,0.7521560907942636,0.29729769556580987,0.19850241496598642,0.1381076785714286
trx,1,0.009317971713606163,0.9637134095439146,0.3002887868393825,0.1615495833333333,0.13296833333333333
xrp,1,8.489170016878586e-06,0.0003364937342401995,0.9960419084063976,0.20700619047619048,0.22371700000000005
ltc,1,0.4277328939419525,0.9999834898243966,0.19405358134554004,0.33538006410256405,0.017034999999999998
stablecoin,1,0.9610322817943352,0.4530164368342552,0.4974537923449422,0.14744516666666668,0.14078833333333332
neo,1,0.1320038977931714,0.98646411043901,0.5944253344511031,0.2547714285714285,0.394095
altcoin,1,8.489170016878586e-06,0.0003364937342401995,0.9960419084063976,0.20700619047619048,0.22371700000000005
atom,1,0.9503528457939481,0.9925560316063812,0.2098367901420096,0.3366447916666667,0.043444375
yfi,1,0.9610322817943352,0.4530164368342552,0.4974537923449422,0.14744516666666668,0.14078833333333332
total,605,0.5075012098585352,0.6841149097193193,0.5033824577440451,0.21165361298023394,0.1653158611341306
