,# comments,mean P(up),mean P(pos),mean P(neg),mean pos score,mean neg score
no_symbol,1229,0.4460945463079496,0.6174346579589128,0.5868000566608393,0.21261291116908793,0.18892669707469015
btc,47,0.42979227575033097,0.6470848193987699,0.6091603773088692,0.2154368846144292,0.2064809671689507
eth,29,0.46536119643951407,0.5406515999721209,0.6633043662885983,0.22099841708855059,0.2110952091273988
link,16,0.4414622911623497,0.6300928923426034,0.5616855911796167,0.21610639244544871,0.1897107961309524
defi,10,0.49173047682806087,0.8354335403796895,0.5639074923790037,0.21019288221868604,0.2108341828063241
vet,5,0.41879796255098467,0.9801919653247252,0.43360170976002427,0.20288118018924878,0.18884177525252524
lend,4,0.8720702921619109,0.9711746037722523,0.4101165021281493,0.22289471722976895,0.16249170549242425
ada,3,0.5459595948025221,0.7517264638717297,0.48608518887753477,0.19896534259259258,0.2841664021164021
xtz,3,0.6161253776911301,0.4584991487119121,0.6648469624010475,0.20338466666666666,0.21887211111111107
xrp,3,0.1824222883590889,0.32632196979715844,0.6793441645835614,0.17089649951899952,0.1511538888888889
yfi,3,0.502450529123925,0.9739962746080661,0.6845222798645448,0.22531705985597913,0.19919458031400963
dot,3,0.42252791131607426,0.7694003042871133,0.3785709252395751,0.2306461096866097,0.15852436507936507
atom,2,0.4473662307585136,0.3033968223486732,0.5998645145522152,0.14678531144781146,0.14386583333333333
xlm,2,0.11467577354974168,0.9692974308532631,0.5890369355951791,0.23198463512241055,0.11031218297101446
bch,2,0.687516195302437,0.7104824420666963,0.4084093327736479,0.1917213603896104,0.1625256818181818
neo,1,0.13819900785659606,0.24916189722099025,0.4041122569727653,0.18644569444444445,0.02073833333333333
ltc,1,0.37511621050710414,0.4209655049416384,0.7850362340201334,0.15232035714285716,0.21134
trx,1,0.6385234469521565,0.2568477574874304,0.6760142448747438,0.151575,0.2866133333333333
usdc,1,0.08969348719547944,0.8537238604624126,0.9108065492107884,0.21464189102564105,0.214152
usdt,1,0.37511621050710414,0.4209655049416384,0.7850362340201334,0.15232035714285716,0.21134
bsv,1,0.995798290173176,0.9741370587190492,0.2524971008092676,0.2332968181818182,0.0741675
miota,1,0.31401344529219466,0.9717643859192296,0.28971424925292244,0.21661388888888888,0.04108
total,1368,0.447180493479054,0.621413968793484,0.5873217104750994,0.21260029022378898,0.18982729539200388
