,# comments,mean P(up),mean P(pos),mean P(neg),mean pos score,mean neg score
no_symbol,640,0.4981035446737664,0.6427901095559354,0.5615454467146258,0.21551149721124538,0.182757038618448
btc,34,0.5220087692469162,0.692214827556422,0.5436609364273796,0.2132360066704709,0.18362710177235145
eth,30,0.4911624051619261,0.6802383957963466,0.5563987318348946,0.21379770519058644,0.16183025115786373
xrp,17,0.41059170036618003,0.6933699066308177,0.6332752864308839,0.20663911875602323,0.22730373801742923
link,16,0.47458426030841133,0.8204596626353192,0.4913987442724951,0.23098156661211902,0.17785673077659428
defi,6,0.37849622441180913,0.6973951558794194,0.6568795411073213,0.2257681235496148,0.15320153028404346
ada,5,0.7063927346468228,0.5359120533108104,0.540138593607605,0.23118293358395992,0.13519470000000003
vet,5,0.36007905339665075,0.5103936802837359,0.6388505087500804,0.188583816954023,0.2105615
dot,2,0.3601118335820876,0.8793074214332894,0.2694729335224956,0.17258104166666668,0.066325
xlm,2,0.6361215533742532,0.23285447193403014,0.749689664204783,0.22892519607843137,0.216441875
xtz,2,0.5009174740536835,0.573336049827378,0.5982057741397979,0.19990611642743222,0.17076408333333334
altcoin,1,0.033867340940018864,0.7047505467523146,0.3585683542932097,0.08589375000000002,0.0
eos,1,2.7432799163651144e-07,0.9961386735426369,0.9799196849511924,0.1916943865740741,0.25249962962962963
stablecoin,1,0.9533421577264432,0.9991813300136684,0.21988346069598094,0.21357882352941174,0.14618
wbtc,1,0.6563894788680451,0.9814961284702932,0.2517952665216849,0.20514925,0.0
xmr,1,0.9925937457735554,0.9238863748555098,0.6510782400895639,0.16108737421383645,0.2342725
total,764,0.4961736609659259,0.6513548660795412,0.5611594031117034,0.21507009747252215,0.18188561410670806
