,# comments,mean P(up),mean P(pos),mean P(neg),mean pos score,mean neg score
no_symbol,795,0.5101276164872818,0.6626665332523481,0.5651162296926233,0.21642216279781767,0.1839668349243997
btc,26,0.4859752979756165,0.7574364110117868,0.5542314362188536,0.22062530376328354,0.16374204739922976
eth,25,0.5889944750833188,0.6058488093663144,0.6004123092715046,0.2174526294459249,0.1888282399603174
defi,7,0.5616219138405569,0.7821594280144293,0.4710691662588947,0.20737876028189053,0.13258940873015873
xrp,5,0.6771534873048803,0.9514247514032176,0.5000953669261137,0.2707314418130367,0.1439422125
link,5,0.254179918929664,0.6909643729068851,0.7281403340756988,0.2503452476851852,0.25701498412698415
vet,5,0.29845848040485123,0.46254481076286613,0.816881544021315,0.2746006621732026,0.30768132857142855
ada,2,0.8827106641172807,0.9994252933761849,0.24202115471277735,0.2870279542349726,0.07016453125000001
xmr,2,0.723611410367861,0.9991923236858532,0.4713958217068043,0.27614195833333327,0.0925993181818182
altcoin,2,0.12492773658751219,0.9833195524619787,0.5564916817153018,0.24965098958333334,0.35977845238095235
stablecoin,2,0.9542970052699342,0.8567239991265108,0.5001592057537531,0.26979670423497265,0.17160592013888887
usdt,1,0.6184999468199864,0.947008797247886,0.3730650580182811,0.2507352380952382,0.07997
xlm,1,0.1162475620990707,0.09925099396506944,0.5318223364202409,0.16624716666666667,0.10271033333333332
miota,1,0.9799777832060148,0.982755222513766,0.2112334140406767,0.178575625,0.11319833333333333
usdc,1,0.9564229102331492,0.9999990711100369,0.16482548070354927,0.240446325136612,0.14032906250000002
ltc,1,0.5656059469788541,0.9566327929867452,0.2931947839001339,0.13620716666666668,0.0
lend,1,0.18329207752204926,0.7954763634305559,0.20056312591996064,0.1132147685185185,0.05141500000000001
eos,1,0.1162475620990707,0.09925099396506944,0.5318223364202409,0.16624716666666667,0.10271033333333332
dash,1,0.9999795244002754,0.9999999999946436,0.4852523046162602,0.2602702645502645,0.2317695833333333
yfi,1,0.106400135085769,0.9993554833054754,0.4808840441768038,0.2252204166666667,0.12282690476190475
total,885,0.5118709092011845,0.6691709588512623,0.563868470824898,0.21758263332127617,0.18309172596371456
