,# comments,mean P(up),mean P(pos),mean P(neg),mean pos score,mean neg score
no_symbol,715,0.4573459127733904,0.6028182008627809,0.5419476075538813,0.20071429196627538,0.18125679055585692
eth,45,0.4949183107782316,0.5793586418600425,0.500842360352994,0.19072386436967295,0.15081439797044519
btc,34,0.4530363813281115,0.634374969342528,0.4621704046760614,0.19075336141595522,0.1497016439641513
xrp,10,0.4326397213490115,0.5025806312704937,0.6149335076517148,0.20792583891309713,0.26111534325396824
vet,10,0.7474033092840922,0.7970397717197892,0.5653397856408449,0.25495726063444596,0.21542449226190472
xlm,7,0.37715759933668475,0.5199918493202424,0.4979686426962333,0.18273034164777022,0.18045873015873015
defi,6,0.24013275995133046,0.7901515447995138,0.3957327779182234,0.19310318349184405,0.14746016666666664
link,6,0.6510787781160104,0.8193262444137254,0.4280987721205112,0.19040748925008602,0.10665191666666664
usdt,6,0.41017145458289966,0.7509626036142119,0.5245928214808259,0.20647546408709605,0.21396700000000002
stablecoin,5,0.45775798431279113,0.6440627435712447,0.5412852178727169,0.20766386019893038,0.1279607
dot,4,0.7021125479700144,0.4113918338295249,0.511344086210463,0.18671101785714286,0.13364875
usdc,2,0.4859731105952221,0.6072628496241448,0.7049371551687905,0.21091885802469137,0.1447255
ada,2,0.34466997084432255,0.12969833719044727,0.7066273014227723,0.2425994772727273,0.14309258928571428
neo,1,0.9537961769131824,0.5150301006896778,0.42887208651280107,0.11804333333333332,0.00146
bsv,1,0.8803846327889577,0.7781492488779834,0.3723355034913337,0.12273583333333335,0.0
lend,1,0.3635980321275725,0.9617172413187038,0.2772845116775422,0.1557297222222222,0.0
miota,1,0.7931377101347071,0.9984833619275416,0.2554774141049509,0.2924994444444445,0.0
total,856,0.4634055640993308,0.6063631707593026,0.5350843456775558,0.2002429620619159,0.17764449497164733
