,# comments,mean P(up),mean P(pos),mean P(neg),mean pos score,mean neg score
no_symbol,463,0.47000963356747594,0.6287641220975774,0.5516447894074644,0.20912762163840254,0.17732768255731587
eth,32,0.4938956962171134,0.774551028091647,0.43629129980426706,0.21907907576859012,0.1534439632936508
btc,31,0.4674795797474756,0.7283585354133384,0.4596357742394719,0.2085389618797263,0.13873612634408602
ada,18,0.3895516976010176,0.654318229595411,0.5180048715458346,0.2227381302582097,0.1771689708994709
defi,15,0.6124088259945422,0.6945803411006327,0.39708771060929926,0.20567478116516855,0.1230583504529421
vet,10,0.4508245230408541,0.6255706122008486,0.54061954706101,0.1974534415663313,0.1316884130952381
xrp,6,0.24906756693172052,0.3500769855905313,0.7082130410575748,0.2020884855896418,0.24746967857142854
lend,5,0.6894654497140036,0.7320691280389328,0.32209214336963776,0.15548791666666667,0.08070783333333331
link,2,0.4970668352660756,0.5923584389852811,0.41188679843929715,0.1868847206439394,0.14930875
stablecoin,2,0.9687650588882346,0.5061147130329353,0.5129039490539794,0.21537307291666669,0.19349835714285715
usdt,2,0.28973820246256565,0.502705829228364,0.5440702896186221,0.2644837468671679,0.10653607142857144
eos,1,0.4599475986612533,0.7111503304886174,0.3700088849634481,0.1793225,0.0369775
cro,1,0.9995054986390871,0.043542141601935126,0.9681054159943596,0.18762185483870966,0.2279004545454545
altcoin,1,0.02941333653147603,0.9310027151401884,0.2507006227614673,0.1914005952380952,0.022749166666666668
ltc,1,0.15680321294590993,0.007399362618629848,0.6939928092627996,0.18495,0.16075499999999998
neo,1,0.9396152656728528,0.9999999370443504,0.012304378493171763,0.21733312091503268,0.047683518518518514
bsv,1,0.43255945305536697,0.1095512006072974,0.7498034649261942,0.16905166666666668,0.188645
bch,1,0.43255945305536697,0.1095512006072974,0.7498034649261942,0.16905166666666668,0.188645
xmr,1,0.4237440691591183,0.7492299933657335,0.4671405394075763,0.1564,0.32985
total,594,0.47297023316686926,0.6389886663246885,0.5342886995396354,0.20900480559139273,0.17113770010943846
