,# comments,mean P(up),mean P(pos),mean P(neg),mean pos score,mean neg score
no_symbol,2089,0.4012164952404143,0.5850060297004797,0.5781905054051821,0.2156125658910069,0.18147983295540412
btc,81,0.40709974140178995,0.5965868736303455,0.5603947471441035,0.22503271750274434,0.16164086613497963
eth,45,0.43919325069269394,0.6680295927086147,0.47673819321095273,0.21436798793105266,0.13258693159171078
link,14,0.27362966319427035,0.48498083385085305,0.6225321319003418,0.22391523794039228,0.20148071286848074
defi,10,0.41076971235145027,0.6319812127048212,0.5554944370869632,0.18388281437256163,0.1776202369047619
usdt,9,0.11427842152961531,0.3958883012376594,0.5924054224270052,0.22641679142924978,0.14266426388888886
xrp,8,0.3167386748448604,0.3594885204363564,0.5681013620379942,0.20570464020023077,0.13960883035714286
vet,7,0.38420077277841536,0.6526472576540144,0.5841357546447977,0.22429932475262834,0.19864955952380955
ltc,5,0.380331945139604,0.7574894759973166,0.4888123722191822,0.23058133864468866,0.2029484166666667
neo,3,0.17197021189191342,0.6677589355862615,0.565881890028909,0.23309245993589744,0.2978338888888889
xtz,3,0.34047341875221204,0.30119379725784207,0.8881789302461093,0.28120160052910054,0.29446060185185186
lend,3,0.5769398325137862,0.5055086528444522,0.4664783922226379,0.23896303174603173,0.08423263888888889
altcoin,2,0.215310405282883,0.15958784382674446,0.8669173797146997,0.21091131510416666,0.19220562500000002
usdc,2,0.5286879006101912,0.27014388574115494,0.9300685293479418,0.27580116898148155,0.24063599999999996
xlm,2,0.35087510878518247,0.18079616648489538,0.6528125019200702,0.13346755050505052,0.21438145833333333
ada,2,0.06413735492686196,0.5849382683620722,0.38593247507170403,0.2265215625,0.11820800000000001
dot,1,0.2631674522389824,0.0015183506827350494,0.9875992651402299,0.2333922435897436,0.286504375
dash,1,0.036702807671873984,0.9761727112451788,0.22819543326615205,0.17764833333333338,0.02036666666666667
xmr,1,0.002464092265712311,0.18609693004479125,0.543509006056734,0.11037309523809524,0.16588999999999998
atom,1,0.5238066784357823,0.9907571049761594,0.2564285884184201,0.2718907407407408,0.017145
total,2289,0.3990320400118587,0.5842445395029474,0.5761528338865466,0.21599622992158035,0.17982704809378997
