,# comments,mean P(up),mean P(pos),mean P(neg),mean pos score,mean neg score
no_symbol,497,0.5183820675032698,0.6182847630290284,0.5663326004698742,0.213365180508927,0.17097506420619396
btc,55,0.515119314243637,0.644406602948623,0.547620378536921,0.21344844092253862,0.17098290122163193
eth,17,0.5070468669449718,0.5174489296919337,0.567831472155409,0.21693963425368826,0.16586840441176473
defi,5,0.5619803816315043,0.4257847975241721,0.6126953992730868,0.23940831015512268,0.2107113761904762
xrp,5,0.683755445720161,0.7727653744772642,0.5058498580657935,0.21396278760291998,0.19398958333333333
altcoin,3,0.0009816911470031055,0.6194063112890825,0.577076804829708,0.18210148359892928,0.17241724603174602
ltc,3,0.6369438463311902,0.921167906479791,0.3665500539707765,0.23705374999999998,0.07013972222222221
miota,3,0.321840054225504,0.3845574841129231,0.6706215215247512,0.15957289186507936,0.2390502314814815
usdt,3,0.7906961567199223,0.9301543430709521,0.31011674474268514,0.20108996369949494,0.14993527777777776
bch,2,0.538518617895357,0.5533121916679347,0.7868228646342692,0.2257566013824885,0.25572187500000004
lend,2,0.7339159356789844,0.5176530213646595,0.637571312922143,0.24286462121212124,0.24930175000000004
xlm,2,0.4743315576565708,0.8019291471666259,0.5439774474225716,0.29029145833333336,0.17010541666666668
ada,1,0.0181040838940969,0.03589974400349609,0.9999227074940952,0.3071417592592593,0.62057
cro,1,0.17564645372104998,0.15921252510410713,0.3805448956817852,0.11381326923076925,0.08323000000000001
xmr,1,0.9750775576775011,0.9987551155934772,0.1989888193565807,0.2345157638888889,0.0
total,600,0.5178827854506223,0.6183746454872153,0.5635359660234813,0.2137495644275076,0.1719510327769337
