,# comments,mean P(up),mean P(pos),mean P(neg),mean pos score,mean neg score
no_symbol,630,0.47924314087901726,0.65707550585286,0.5400773084177273,0.20550647275141745,0.18058399116022103
btc,39,0.3649685069587024,0.6550308412975255,0.5770095080261552,0.21195375858733995,0.19730376785714285
eth,18,0.41744179067766973,0.5493415945776235,0.6183412428848669,0.1768176550513638,0.21196673225308643
xrp,11,0.5219293761413977,0.7247230971797897,0.4181481812505081,0.19901990471334222,0.1405684393939394
ada,5,0.30749332913010236,0.6491830959557328,0.44854765217306164,0.18189422385620913,0.06548879999999999
link,3,0.9668278616825529,0.9119801797713017,0.484786172879308,0.2082633323158323,0.1260312962962963
ltc,3,0.32153039124212374,0.9433448024272829,0.6350957170457491,0.23758347839506175,0.25073685185185185
xlm,3,0.894641999694791,0.6884470847491917,0.5481486910657578,0.2362877182539683,0.20425833333333335
altcoin,2,0.5000005671674436,0.6278731005321198,0.7641231019838994,0.23083548958333336,0.16695766666666667
stablecoin,2,0.4558169786280409,0.498300219711418,0.9324208031644066,0.20576270833333338,0.264405
bsv,1,0.37646356582109547,0.7539080807721243,0.4784792820065172,0.20516291666666667,0.245445
miota,1,0.1690531825055121,0.0013261064345538216,0.879122411681553,0.097975,0.212024
xmr,1,0.9992963270078572,0.9776787529455564,0.6886009688800488,0.15305273504273506,0.21170388888888889
xtz,1,0.998954918297292,0.8550493954994285,0.3650615931032357,0.1827297619047619,0.13584000000000002
total,720,0.47493610608841014,0.6570575207306124,0.5437958743773295,0.20496555927318563,0.18133705146933796
