,# comments,mean P(up),mean P(pos),mean P(neg),mean pos score,mean neg score
no_symbol,729,0.46130134038960496,0.6369819537517915,0.5946418433226365,0.22139738270096676,0.20433377951667822
btc,38,0.47006518963922855,0.6546907591143658,0.5800930061550386,0.23502905954746453,0.1873453305451128
eth,35,0.5949574054213702,0.6879891253848487,0.5658476174302162,0.23616844400106898,0.1780781250595965
vet,30,0.5051648859560934,0.6973011828539408,0.5821918893112695,0.2148797369536002,0.1912527311100936
defi,10,0.3680534057419634,0.8034521997658844,0.4480747473969685,0.21014192022412148,0.13299358452380952
ada,9,0.62438106041637,0.5821047091016914,0.5966251715170764,0.19863570609682618,0.16299264197530863
link,8,0.36041900091348655,0.7201451947553157,0.497821412251705,0.2056182772227772,0.19839049107142853
usdt,5,0.2835412690781311,0.8014504487116147,0.4429909058524566,0.22313881490299825,0.15694758466533468
eos,3,0.7416331252899212,0.4420733046838905,0.5428062028666311,0.20232811706349207,0.18983191666666666
lend,1,0.9836199672195931,0.9980534038734532,0.13525183565208346,0.15540508771929826,0.08029
neo,1,0.8949217981547091,0.6843613881375168,0.4122928146137737,0.1540733333333333,0.017034999999999998
stablecoin,1,0.346623251667526,0.7908484362954951,0.8430268083592151,0.28524625000000003,0.18076229166666669
xrp,1,0.8334818428730523,0.9806314033725204,0.6348849749686686,0.2334914367816092,0.194975
xtz,1,0.9712127193266477,0.05825927886407424,0.8803468399153582,0.123758125,0.29622875
total,872,0.4701667328299544,0.6446295871688751,0.5887499805418547,0.2216179166673032,0.200179222941906
