,# comments,mean P(up),mean P(pos),mean P(neg),mean pos score,mean neg score
no_symbol,371,0.4438814681020751,0.571792433138828,0.586555897724084,0.20716292176462722,0.20057356427569265
btc,25,0.5240268121590412,0.6245263999640892,0.5296305134215789,0.20764445516502897,0.1892870163275613
eth,19,0.6038388836038865,0.6786250063852779,0.47930753898385414,0.22234059123032832,0.14551734189640766
defi,3,0.7554110062142595,0.34645529551032556,0.5722878122285536,0.2256812222222222,0.08749925925925926
link,3,0.7354661087947353,0.4626051235297958,0.737205608795796,0.21160991554232803,0.25972485185185185
stablecoin,3,0.6666308216643942,0.5607777717285306,0.7392139559967533,0.17391561848688752,0.206723975071225
usdt,3,0.418910214430261,0.9841169185500479,0.38065606979283323,0.19548060667395614,0.20347745726495725
xrp,3,0.2922473768810025,0.3645266657828812,0.7538366845165226,0.20008631470959592,0.19778138888888885
altcoin,2,0.44502305696093947,0.367791532256373,0.7883939509489404,0.22320109126984128,0.33385750000000003
ltc,2,0.2986843041214158,0.49028930995387127,0.7501166093028032,0.23842975,0.2855288541666666
ada,1,0.43620738562263056,0.0009535253746423262,0.8288816440958862,0.12389555555555555,0.1954455555555556
bsv,1,0.998528856583327,0.6928530801806039,0.6124095536561204,0.15688,0.43674
neo,1,0.02257818633667879,0.6499372205441647,0.40164923747997344,0.11956041666666666,0.06346666666666666
xmr,1,0.8376025928882124,0.6799178719365355,0.9226523262532456,0.2477836111111111,0.4803483333333333
total,438,0.4603697764517563,0.5765691701431253,0.5829955671412054,0.20745371891770925,0.19906436372465797
